-- คำสั่งสร้างตารางในฐานข้อมูล Cloudflare D1
-- คัดลอกคำสั่งทั้งหมดนี้ไปวางใน Console ของ Cloudflare D1 เพื่อเตรียมฐานข้อมูล

-- 1. ตารางกำลังพล / เจ้าหน้าที่ฝ่ายยุทธการ
CREATE TABLE IF NOT EXISTS staff (
    id TEXT PRIMARY KEY,
    name TEXT NOT NULL,
    role TEXT NOT NULL,
    avatar TEXT NOT NULL
);

-- 2. ตารางภารกิจยุทธการ
CREATE TABLE IF NOT EXISTS tasks (
    id TEXT PRIMARY KEY,
    name TEXT NOT NULL,
    description TEXT,
    assigneeId TEXT,
    urgency TEXT NOT NULL,
    secrecy TEXT NOT NULL,
    startDate TEXT NOT NULL,
    deadline TEXT NOT NULL,
    status TEXT NOT NULL,
    hasAttachment INTEGER DEFAULT 0,
    attachmentName TEXT
);

-- 3. ตารางประวัติกิจกรรมภารกิจ
CREATE TABLE IF NOT EXISTS task_history (
    id INTEGER PRIMARY KEY AUTOINCREMENT,
    taskId TEXT NOT NULL,
    time TEXT NOT NULL,
    action TEXT NOT NULL,
    user TEXT NOT NULL,
    FOREIGN KEY(taskId) REFERENCES tasks(id) ON DELETE CASCADE
);

-- ---------------------------------------------------------
-- ข้อมูลตัวอย่างเริ่มต้น (Seed Data)
-- ---------------------------------------------------------

-- ใส่ข้อมูลรายชื่อเจ้าหน้าที่เริ่มต้น
INSERT OR IGNORE INTO staff (id, name, role, avatar) VALUES 
('staff-1', 'พ.ต. สมศักดิ์ รักชาติ', 'หัวหน้าชุดวางแผนยุทธการ', 'https://api.dicebear.com/7.x/bottts/svg?seed=somsak'),
('staff-2', 'ร.อ. วิชัย กล้าหาญ', 'นายทหารปฏิบัติการข่าวกรอง', 'https://api.dicebear.com/7.x/bottts/svg?seed=wichai'),
('staff-3', 'ร.ท. หญิง อารีรัตน์ ใจดี', 'นายทหารสื่อสารและการประสานงาน', 'https://api.dicebear.com/7.x/bottts/svg?seed=areerat');

-- ใส่ข้อมูลงานเริ่มต้น
INSERT OR IGNORE INTO tasks (id, name, description, assigneeId, urgency, secrecy, startDate, deadline, status, hasAttachment, attachmentName) VALUES
('task-101', 'วางแผนลาดตระเวนเส้นทางชายแดนภาคเหนือ', 'จัดทำแผนยุทธการลาดตระเวนร่วมกับกองกำลังป้องกันชายแดน เพื่อสกัดกั้นการลักลอบเข้าเมืองโดยผิดกฎหมายและการขนส่งสิ่งของผิดกฎหมาย', 'staff-1', 'ด่วนที่สุด', 'ลับมาก', '2026-06-25', '2026-07-02', 'กำลังทำ', 0, NULL),
('task-102', 'รายงานการประเมินภัยคุกคามทางไซเบอร์ไตรมาส 2', 'วิเคราะห์สถิติความพยายามโจมตีระบบเครือข่ายความมั่นคง และจัดทำข้อเสนอแนะในการปรับปรุงระบบป้องกันไฟร์วอลล์', 'staff-2', 'ด่วนมาก', 'ลับที่สุด', '2026-06-20', '2026-06-28', 'รอการอนุมัติ', 0, NULL),
('task-103', 'ประสานงานฝึกร่วมคอบร้าโกลด์ประจำปี', 'จัดทำเอกสารความร่วมมือและการจัดสรรกำลังพลเข้าร่วมการฝึก ณ กองอำนวยการฝึกร่วม', 'staff-3', 'ด่วน', 'ปกติ', '2026-06-26', '2026-07-15', 'รอดำเนินการ', 0, NULL),
('task-104', 'จัดทำแผนรักษาความปลอดภัยบุคคลสำคัญในพิธีเปิดหน่วยใหม่', 'ประสานงานฝ่ายสถานที่ กำหนดจุดรักษาการณ์ เส้นทางเดินรถ และจุดเผชิญเหตุฉุกเฉิน', 'staff-1', 'ด่วนที่สุด', 'ลับ', '2026-06-18', '2026-06-26', 'เสร็จสิ้น', 0, NULL),
('task-105', 'การปรับปรุงรหัสสื่อสารดาวเทียมทางทหาร', 'สลับเปลี่ยนกุญแจเข้ารหัสลับชุดใหม่สำหรับวิทยุสื่อสารดาวเทียมในเครือข่ายยุทธการทั้งหมด', 'staff-3', 'ด่วนที่สุด', 'ลับที่สุด', '2026-06-28', '2026-06-30', 'กำลังทำ', 0, NULL);

-- ใส่ข้อมูลประวัติเริ่มต้น
INSERT OR IGNORE INTO task_history (taskId, time, action, user) VALUES
('task-101', '2026-06-25T08:30:00.000Z', 'สร้างภารกิจและมอบหมายงาน', 'หัวหน้าฝ่ายยุทธการ'),
('task-101', '2026-06-25T09:00:00.000Z', 'เปลี่ยนสถานะเป็น กำลังทำ', 'พ.ต. สมศักดิ์ รักชาติ'),
('task-102', '2026-06-20T10:00:00.000Z', 'สร้างภารกิจและมอบหมายงาน', 'หัวหน้าฝ่ายยุทธการ'),
('task-102', '2026-06-20T13:45:00.000Z', 'เปลี่ยนสถานะเป็น กำลังทำ', 'ร.อ. วิชัย กล้าหาญ'),
('task-102', '2026-06-27T16:20:00.000Z', 'ส่งรายงานขออนุมัติงานยุทธการ', 'ร.อ. วิชัย กล้าหาญ'),
('task-103', '2026-06-26T11:15:00.000Z', 'สร้างภารกิจและมอบหมายงาน', 'หัวหน้าฝ่ายยุทธการ'),
('task-104', '2026-06-18T09:00:00.000Z', 'สร้างภารกิจและมอบหมายงาน', 'หัวหน้าฝ่ายยุทธการ'),
('task-104', '2026-06-18T10:30:00.000Z', 'เปลี่ยนสถานะเป็น กำลังทำ', 'พ.ต. สมศักดิ์ รักชาติ'),
('task-104', '2026-06-24T15:00:00.000Z', 'ส่งรายงานขออนุมัติงานยุทธการ', 'พ.ต. สมศักดิ์ รักชาติ'),
('task-104', '2026-06-25T08:00:00.000Z', 'อนุมัติภารกิจเสร็จสมบูรณ์', 'หัวหน้าฝ่ายยุทธการ'),
('task-105', '2026-06-28T08:00:00.000Z', 'สร้างภารกิจและมอบหมายงาน', 'หัวหน้าฝ่ายยุทธการ'),
('task-105', '2026-06-28T09:12:00.000Z', 'เปลี่ยนสถานะเป็น กำลังทำ', 'ร.ท. หญิง อารีรัตน์ ใจดี');
